{"best/accuracy":0.7578947368421053,"search/alpha_sweep":{"size":585,"_type":"table-file","artifact_path":"wandb-client-artifact://pq7x9ktcu4baxps24lzkwgow2w3quv91n9rgsqrpsfouh4s50tiiyxuxo9t1fs1nm829cya6ywlqupj7ytlyj8xumosuqtgtjga0oxzoyesic59b03f1vmrsoh8lh830/search/alpha_sweep.table.json","nrows":7,"path":"media/table/search/alpha_sweep_6_af00169e8903988471f5.table.json","ncols":4,"_latest_artifact_path":"wandb-client-artifact://ojdvchu1we4vumd1facewbvm2w0xffbdlwexbgdc1siz0fdt9me8v2dnjock1dxay6xtvccql53amxbpkbct1frjs19xly0rb72n0lf1fw589nhnlkd54h5dnb2k1y12:latest/search/alpha_sweep.table.json","log_mode":"IMMUTABLE","sha256":"af00169e8903988471f5f4a493e757251588ce8d9926fdbfa45cd7502c1c0b0e"},"_runtime":49,"metrics/total_content_effect":0.2409420289855072,"_timestamp":1.7639088452796953e+09,"search/alpha":-0.6,"best/intra_plausibility":0.24094202898550723,"best/cross_plausibility":0.24094202898550723,"metrics/accuracy":0.7473684210526316,"search/score":0.7473684210526316,"best/total_content_effect":0.24094202898550723,"_wandb":{"runtime":49},"_step":6,"best_alpha":-0.9999999999999999}