{"dynamic/alpha_mean":0.5996386313822182,"metrics/intra_plausibility":0.32088295063492334,"baseline/total_content_effect":0.302888333914368,"metrics/accuracy":0.72265625,"_runtime":49,"baseline/accuracy":0.7213541666666666,"eval/confusion_matrix_table":{"ncols":3,"path":"media/table/eval/confusion_matrix_table_1_93bb21c52cefd41b2b2b.table.json","size":177,"artifact_path":"wandb-client-artifact://qbt0pxw8w4a1289e692nzyj2am1yk2ed9a6el9ic9oz2g7jgdaj8kc79l5n5j26jl0n3yy0yuy6kc5fhplro63anmu14fae5la80ra6gsb4gmk2s4jjvy0215h5hi66k/eval/confusion_matrix_table.table.json","_latest_artifact_path":"wandb-client-artifact://qpjq9vwqtajsftw7gjcg81ve6g93l4uvwn5gh4ogdwwfan5kk3s388vco22l0ppzypk7oxek2jxay9hfdnci2h8tkbjuehhinw5lw5722i2377b4vo43nc7kfh9wobc2:latest/eval/confusion_matrix_table.table.json","log_mode":"IMMUTABLE","_type":"table-file","nrows":4,"sha256":"93bb21c52cefd41b2b2baa9d6bb6bfdae4b907d6d8775e61faa38c40e66ff886"},"metrics/cross_plausibility":0.32088295063492334,"metrics/total_content_effect":0.32088295063492334,"_timestamp":1.7636358234476476e+09,"baseline/cross_plausibility":0.302888333914368,"dynamic/alpha_max":1.4,"dynamic/alpha_min":0.4,"_step":3,"dynamic/alpha_hist":{"_type":"histogram","values":[437,19,15,16,9,3,13,8,4,9,8,7,3,8,13,8,4,5,5,3,2,5,6,3,3,5,3,1,1,4,1,3,4,1,3,2,5,1,1,3,2,0,1,5,1,3,3,0,2,1,0,3,3,0,4,0,2,2,2,0,0,1,1,78],"bins":[0.4,0.415625,0.43125,0.446875,0.4625,0.478125,0.49375,0.509375,0.525,0.540625,0.55625,0.571875,0.5875,0.603125,0.61875,0.634375,0.65,0.6656249999999999,0.6812499999999999,0.6968749999999999,0.7124999999999999,0.7281249999999999,0.7437499999999999,0.7593749999999999,0.7749999999999999,0.7906249999999999,0.8062499999999999,0.8218749999999999,0.8374999999999999,0.8531249999999999,0.8687499999999999,0.8843749999999999,0.8999999999999999,0.9156249999999999,0.9312499999999999,0.9468749999999999,0.9624999999999999,0.9781249999999999,0.9937499999999999,1.009375,1.025,1.040625,1.05625,1.071875,1.0875,1.103125,1.11875,1.134375,1.15,1.165625,1.18125,1.196875,1.2125,1.228125,1.24375,1.259375,1.275,1.290625,1.30625,1.321875,1.3375,1.353125,1.36875,1.384375,1.4]},"baseline/intra_plausibility":0.30288833391436804,"_wandb":{"runtime":49}}