{"metrics/accuracy":0.7395833333333334,"metrics/intra_plausibility":0.26384980195955804,"metrics/total_content_effect":0.2638498019595581,"baseline/cross_plausibility":0.2638498019595581,"metrics/cross_plausibility":0.2638498019595581,"eval/confusion_matrix_table":{"log_mode":"IMMUTABLE","_latest_artifact_path":"wandb-client-artifact://0sa2gka4iv3yvh73di5dhpyl0a4tslxydexkdj778dv244yhz7ygrjy2ofzrvfb113yrd9fakezrkajw2vz6k3clfhxthk2xppfv4xt652wxms7s1qz218wx2pz33pvc:latest/eval/confusion_matrix_table.table.json","path":"media/table/eval/confusion_matrix_table_1_acdfc4ad75d764c79901.table.json","sha256":"acdfc4ad75d764c799012e54673a71357843c63d98b8c091fd04552d9efcbdec","ncols":3,"artifact_path":"wandb-client-artifact://ara9t4xdn5ju9r166s2dix2oievapm3rpp6wn6515kx28jvw9zf2j1kikn096otdnm6bblf2qwjimsor3knpxs1s7mjjvjjue83jqf2zwt4it21adj82vfluf6u93ky9/eval/confusion_matrix_table.table.json","size":176,"nrows":4,"_type":"table-file"},"baseline/accuracy":0.7395833333333334,"dynamic/alpha_hist":{"bins":[-0.4,-0.384375,-0.36875,-0.353125,-0.3375,-0.321875,-0.30625,-0.290625,-0.275,-0.259375,-0.24375000000000002,-0.22812500000000002,-0.21250000000000002,-0.19687500000000002,-0.18125000000000002,-0.16562500000000002,-0.15000000000000002,-0.13437500000000002,-0.11875000000000002,-0.10312500000000002,-0.08750000000000002,-0.07187500000000002,-0.05625000000000002,-0.04062500000000002,-0.025000000000000022,-0.009375000000000022,0.006249999999999978,0.021874999999999978,0.03749999999999998,0.05312499999999998,0.06874999999999998,0.08437499999999998,0.09999999999999998,0.11562499999999998,0.13124999999999998,0.14687499999999998,0.16249999999999998,0.17812499999999998,0.19374999999999998,0.20937499999999998,0.22499999999999998,0.24062499999999998,0.25625,0.271875,0.2875,0.303125,0.31875,0.334375,0.35,0.365625,0.38125,0.396875,0.4125,0.428125,0.44375,0.459375,0.475,0.490625,0.50625,0.521875,0.5375,0.553125,0.56875,0.584375,0.6],"_type":"histogram","values":[0,0,0,0,0,0,0,0,0,0,0,0,0,0,0,0,0,0,0,0,0,0,0,0,0,0,0,0,0,0,0,0,480,0,0,0,0,0,0,0,0,0,0,0,0,0,0,0,0,0,0,0,0,0,0,0,0,0,0,0,0,0,0,0]},"dynamic/alpha_mean":0.1,"_wandb":{"runtime":46},"_timestamp":1.7636637449406195e+09,"_step":3,"_runtime":46,"dynamic/alpha_min":0.1,"dynamic/alpha_max":0.1,"baseline/intra_plausibility":0.26384980195955804,"baseline/total_content_effect":0.2638498019595581}