{"_wandb":{"runtime":169},"_runtime":169,"metrics/total_content_effect":0.24094202898550726,"search/score":0.7578947368421053,"metrics/accuracy":0.7578947368421053,"best_alpha":-0.7999999999999998,"best/intra_plausibility":0.28260869565217395,"best/cross_plausibility":0.19927536231884055,"best/total_content_effect":0.24094202898550726,"_timestamp":1.7636659450748267e+09,"_step":20,"search/alpha_sweep":{"path":"media/table/search/alpha_sweep_20_2dd638b2d940e38eef37.table.json","_latest_artifact_path":"wandb-client-artifact://36rl6vt2feeq883zptoqzq1k204z0cbc49izrd6yg97b6nuccmx4hlxsfmkhp51l2dz9stqkqiz53x0ftyly9hc6acozqvpt5sonvrghi3mtgl30waugun8qo5ct7uwi:latest/search/alpha_sweep.table.json","nrows":21,"ncols":4,"_type":"table-file","sha256":"2dd638b2d940e38eef379b625d636fe334a3f8d6561df763b07584cfe5908a64","artifact_path":"wandb-client-artifact://ph5p58xz8bza2mku92t1f3b0gtbpm6mp5uzzvlmw2uy6j9inefg329lytvpf9o9g5tyva1cc5z6tlr7kir3w7k8chuunnsl711jc15u7tzh34hfdybt8isro2t6jm2sv/search/alpha_sweep.table.json","log_mode":"IMMUTABLE","size":1677},"best/accuracy":0.7578947368421053,"search/alpha":2}