{"baseline/intra_plausibility":0.30288833391436804,"metrics/total_content_effect":0.3290211852947441,"eval/predictions_head":{"nrows":50,"_type":"table-file","sha256":"bc0e277ed96f22c365990fcdce56f0a00fa4eb04a2285ae5a022f4d81b1d51f2","path":"media/table/eval/predictions_head_2_bc0e277ed96f22c36599.table.json","_latest_artifact_path":"wandb-client-artifact://vx58iplx7vmcuox9ta2gjok5ykd766e51hme9of9g6gbetp72ltqzvfhdzmby9i7n4cp1jpm81qtxkc6m4qqryec90cxinci1myaj2enomhi1m6cho85ogz1uqni1dto:latest/eval/predictions_head.table.json","size":3871,"log_mode":"IMMUTABLE","ncols":4,"artifact_path":"wandb-client-artifact://eyws12jo40tee7w8y1b2cy1swd9tan1ze78ztenagtu3ts8av3tyxj4ylivhlnq0pc3fwove7t3kj97dtcydg2bf58w6vawae2ce5x7m3mjngosy4uhleeel0kg7deji/eval/predictions_head.table.json"},"metrics/accuracy":0.7239583333333334,"_timestamp":1.7635761818827748e+09,"baseline/cross_plausibility":0.302888333914368,"dynamic/alpha_mean":1.034156370156832,"baseline/accuracy":0.7213541666666666,"dynamic/alpha_hist":{"bins":[0.22911694510739855,0.26459949284009543,0.30008204057279236,0.33556458830548924,0.3710471360381862,0.40652968377088305,0.44201223150357993,0.4774947792362768,0.5129773269689737,0.5484598747016707,0.5839424224343676,0.6194249701670644,0.6549075178997613,0.6903900656324582,0.7258726133651552,0.7613551610978521,0.7968377088305489,0.8323202565632458,0.8678028042959427,0.9032853520286397,0.9387678997613366,0.9742504474940334,1.0097329952267304,1.0452155429594272,1.080698090692124,1.116180638424821,1.151663186157518,1.187145733890215,1.2226282816229117,1.2581108293556085,1.2935933770883055,1.3290759248210025,1.3645584725536994,1.4000410202863964,1.435523568019093,1.47100611575179,1.506488663484487,1.541971211217184,1.577453758949881,1.6129363066825775,1.6484188544152745,1.6839014021479715,1.7193839498806684,1.7548664976133654,1.790349045346062,1.825831593078759,1.861314140811456,1.896796688544153,1.9322792362768495,1.9677617840095465,2.0032443317422435,2.0387268794749405,2.0742094272076375,2.109691974940334,2.145174522673031,2.180657070405728,2.216139618138425,2.2516221658711215,2.2871047136038185,2.3225872613365155,2.3580698090692125,2.3935523568019095,2.429034904534606,2.464517452267303,2.5],"_type":"histogram","values":[8,18,29,23,37,30,28,37,41,24,20,29,20,24,17,16,21,17,17,19,16,7,4,15,6,9,7,9,4,8,16,7,3,6,5,2,4,5,5,3,5,4,1,3,1,4,4,1,3,2,5,1,2,4,0,1,4,2,3,3,0,2,1,96]},"_wandb":{"runtime":113},"dynamic/alpha_max":2.5,"_step":4,"metrics/intra_plausibility":0.3290211852947441,"dynamic/alpha_min":0.22911694510739855,"_runtime":113,"eval/confusion_matrix_table":{"nrows":4,"_type":"table-file","sha256":"de5812190d4ac739e665f4840a4b68bf80deaeab795ddedaaed0592bf5c67fd1","_latest_artifact_path":"wandb-client-artifact://duxvjnwky3it7a5754vzm82hhz2hzhoc3kh5rm8n9mtgsabzy3i87rw4r4948kxwszx1q3abrxhwg65x331s6f3airx65rvmmd5npoefg48d52ukasnkz4frf706yuz7:latest/eval/confusion_matrix_table.table.json","ncols":3,"log_mode":"IMMUTABLE","path":"media/table/eval/confusion_matrix_table_1_de5812190d4ac739e665.table.json","size":177,"artifact_path":"wandb-client-artifact://c7eb786hxshw2h59ath03ffpwqtfcazunbgp8i35qnzt27a4virmx9m8wage53zv47pesfr99ajp2qm5lsgh2t7hw1i1rzo93v4zxrmwldxgdmq2omta9oektz5apitr/eval/confusion_matrix_table.table.json"},"metrics/cross_plausibility":0.3290211852947441,"baseline/total_content_effect":0.302888333914368}