{"metrics/accuracy":0.7578947368421053,"best/total_content_effect":0.24094202898550726,"_runtime":165,"best_alpha":-0.7999999999999998,"search/alpha_sweep":{"path":"media/table/search/alpha_sweep_20_2dd638b2d940e38eef37.table.json","nrows":21,"ncols":4,"sha256":"2dd638b2d940e38eef379b625d636fe334a3f8d6561df763b07584cfe5908a64","_latest_artifact_path":"wandb-client-artifact://8y1h2smdgtpba083sfshi90r24az83feff9cp9qm4zpr302hpumxdl2nrjzhk3m78cpf142zzxo4p235942pqsiyemi6gi17y1d1xx9a758se2ut6uhfrmmua7l1id98:latest/search/alpha_sweep.table.json","_type":"table-file","log_mode":"IMMUTABLE","artifact_path":"wandb-client-artifact://rjt28r9zarr9kystg7tk2azhugtnptahp9syfxyzcmdu2lrh14pfkjgr0csfykyhhxxt9wmbgz43wu7o5xzlz29tpydpuneg2yv6lto3azwbugutl0nwwzgw7o51orer/search/alpha_sweep.table.json","size":1677},"_timestamp":1.763665317742216e+09,"best/intra_plausibility":0.28260869565217395,"best/cross_plausibility":0.19927536231884055,"best/accuracy":0.7578947368421053,"_wandb":{"runtime":165},"search/alpha":2,"metrics/total_content_effect":0.24094202898550726,"_step":20,"search/score":0.7578947368421053}