{"eval/confusion_matrix_table":{"artifact_path":"wandb-client-artifact://w3pmwbj922dzw6arf27p7ccb5rmhlavv6ehgoaa2ride05vhqhesgwzmilnberoap3wteprkks1zg2h4dmqvzgu3b1bglm27ywwmkoryjufquka3tz9frj0wh3u9qkgg/eval/confusion_matrix_table.table.json","log_mode":"IMMUTABLE","nrows":4,"path":"media/table/eval/confusion_matrix_table_1_8fe1d39acae5058680df.table.json","_type":"table-file","sha256":"8fe1d39acae5058680df6399a7ebc52b34e89647ba258f0c2301d7e18b7d9328","_latest_artifact_path":"wandb-client-artifact://nhe1475jl8v65hbdasnn4m8agyi79smjxzp1nyflln3ce32qhl0kpjdp65dan2edagzjx482772zfrlnnsk2ohoh4j14jprios95lqov349wdih26i88ngi0b2cma9pi:latest/eval/confusion_matrix_table.table.json","size":176,"ncols":3},"metrics/accuracy":0.7324675324675325,"baseline/intra_plausibility":0.28011497958306464,"metrics/cross_plausibility":0.27473202772404903,"dynamic/alpha_max":-0.19551312649164673,"baseline/accuracy":0.7350649350649351,"_runtime":40,"dynamic/alpha_hist":{"values":[36,0,0,1,1,0,1,0,1,2,0,1,2,1,1,0,1,1,0,2,1,2,2,1,3,0,1,2,3,3,1,1,0,2,1,3,4,3,0,7,3,2,4,8,4,10,4,7,3,11,10,19,12,9,21,21,16,19,21,24,31,12,20,3],"bins":[-3,-2.956179892601432,-2.912359785202864,-2.868539677804296,-2.824719570405728,-2.78089946300716,-2.737079355608592,-2.693259248210024,-2.649439140811456,-2.605619033412888,-2.56179892601432,-2.517978818615752,-2.474158711217184,-2.4303386038186154,-2.386518496420048,-2.3426983890214794,-2.298878281622912,-2.2550581742243434,-2.211238066825776,-2.1674179594272074,-2.12359785202864,-2.0797777446300714,-2.0359576372315034,-1.9921375298329356,-1.9483174224343673,-1.9044973150357993,-1.8606772076372313,-1.8168571002386633,-1.7730369928400953,-1.7292168854415273,-1.6853967780429593,-1.6415766706443913,-1.5977565632458233,-1.5539364558472553,-1.5101163484486873,-1.4662962410501192,-1.4224761336515512,-1.3786560262529832,-1.3348359188544152,-1.2910158114558472,-1.2471957040572792,-1.203375596658711,-1.159555489260143,-1.115735381861575,-1.071915274463007,-1.028095167064439,-0.9842750596658711,-0.9404549522673031,-0.8966348448687347,-0.8528147374701667,-0.8089946300715987,-0.7651745226730307,-0.7213544152744626,-0.6775343078758946,-0.6337142004773266,-0.5898940930787586,-0.5460739856801906,-0.5022538782816226,-0.4584337708830546,-0.4146136634844866,-0.3707935560859186,-0.32697344868735057,-0.28315334128878256,-0.23933323389021455,-0.19551312649164673],"_type":"histogram"},"metrics/intra_plausibility":0.27473202772404903,"dynamic/alpha_min":-3,"dynamic/alpha_mean":-0.9942251681872881,"_timestamp":1.7636660272471516e+09,"metrics/total_content_effect":0.27473202772404903,"_wandb":{"runtime":40},"_step":3,"baseline/cross_plausibility":0.28011497958306464,"baseline/total_content_effect":0.28011497958306464}