{"_step":6,"best/total_content_effect":0.24094202898550723,"_wandb":{"runtime":48},"best/cross_plausibility":0.24094202898550723,"search/alpha_sweep":{"artifact_path":"wandb-client-artifact://viy5u7zhkn4xrmzlpk8ch1y7qnwqah0dqnauce8dryzwvr7ge1y1toeipbua4t1e02yf90d5jgrex1j8e1iancy8ur75yvuhmdap5q7zkcha8g5rdtsddhmn7ziqdvzu/search/alpha_sweep.table.json","_type":"table-file","nrows":7,"log_mode":"IMMUTABLE","_latest_artifact_path":"wandb-client-artifact://tz5lycf7dkiq85zdea559yrpuctn8m0zqimu16xrgj70af5mg5hwm2dspkvikp17bhq6vs870gaukyb3vgp35u0h629vdg4b2lq3qyvn6aui7yyqteiczkkw1edi2ftv:latest/search/alpha_sweep.table.json","sha256":"b4f19e7a6e748d06cc88dea86a8459af5803d329e54852fb9fda5d4afcad5f6b","path":"media/table/search/alpha_sweep_6_b4f19e7a6e748d06cc88.table.json","size":586,"ncols":4},"metrics/total_content_effect":0.24094202898550726,"_timestamp":1.7639084630672944e+09,"best/accuracy":0.7578947368421053,"best/intra_plausibility":0.24094202898550723,"search/alpha":-0.6,"_runtime":48,"metrics/accuracy":0.7578947368421053,"best_alpha":-0.9999999999999999,"search/score":0.7578947368421053}