{"metrics/cross_plausibility":0.27457419944122063,"dynamic/alpha_mean":-0.8816105758856715,"baseline/total_content_effect":0.28011497958306464,"baseline/intra_plausibility":0.28011497958306464,"_step":3,"baseline/accuracy":0.7350649350649351,"baseline/cross_plausibility":0.28011497958306464,"dynamic/alpha_max":-0.19551312649164673,"metrics/total_content_effect":0.27457419944122063,"metrics/intra_plausibility":0.27457419944122063,"eval/confusion_matrix_table":{"sha256":"d6bf5a0222895efa4901b9722bb5c3a92ed2c502c4f9fd094d178af49b9d7608","_latest_artifact_path":"wandb-client-artifact://4ziw3xrarrga5uadatg9k1qgd22yen954gwv2amqe2vsrxq2t4lh6jvtlhhme9bfn5iysng4brd16nkzc0sf7gjyu3dc4gos1qe78ql4fy3wjmleixz10xrsvqx9930o:latest/eval/confusion_matrix_table.table.json","log_mode":"IMMUTABLE","ncols":3,"nrows":4,"size":176,"path":"media/table/eval/confusion_matrix_table_1_d6bf5a0222895efa4901.table.json","_type":"table-file","artifact_path":"wandb-client-artifact://nkhlpkkw20q9zlw9iuqowvldty34ced00kjrux6m10c1tf87x8qv5nmogxris6ziy23ep7yo9azk3rs85jbxk99e9p2rn7c4o9ly2va242k2hpam79ndkn6go0wrcev7/eval/confusion_matrix_table.table.json"},"dynamic/alpha_min":-2,"_timestamp":1.7639065779940875e+09,"dynamic/alpha_hist":{"_type":"histogram","values":[56,1,1,2,0,0,2,1,0,5,0,2,0,1,0,0,0,2,1,2,2,3,0,3,0,2,5,3,1,1,2,7,3,4,6,3,4,2,4,3,2,8,7,7,17,5,8,7,10,12,12,15,10,9,15,13,20,12,22,9,13,12,4,2],"bins":[-2,-1.971804892601432,-1.943609785202864,-1.915414677804296,-1.887219570405728,-1.85902446300716,-1.830829355608592,-1.802634248210024,-1.774439140811456,-1.746244033412888,-1.71804892601432,-1.689853818615752,-1.661658711217184,-1.6334636038186159,-1.6052684964200477,-1.5770733890214796,-1.5488782816229116,-1.5206831742243436,-1.4924880668257756,-1.4642929594272076,-1.4360978520286396,-1.4079027446300716,-1.3797076372315036,-1.3515125298329356,-1.3233174224343676,-1.2951223150357996,-1.2669272076372315,-1.2387321002386633,-1.2105369928400953,-1.1823418854415273,-1.1541467780429593,-1.1259516706443913,-1.0977565632458233,-1.0695614558472553,-1.0413663484486873,-1.0131712410501192,-0.9849761336515512,-0.9567810262529832,-0.9285859188544152,-0.9003908114558472,-0.8721957040572792,-0.8440005966587112,-0.8158054892601432,-0.7876103818615752,-0.7594152744630072,-0.7312201670644392,-0.7030250596658711,-0.6748299522673031,-0.6466348448687351,-0.6184397374701671,-0.5902446300715991,-0.5620495226730311,-0.5338544152744631,-0.5056593078758951,-0.47746420047732685,-0.44926909307875884,-0.42107398568019083,-0.3928788782816228,-0.3646837708830548,-0.3364886634844868,-0.3082935560859188,-0.2800984486873508,-0.2519033412887828,-0.22370823389021477,-0.19551312649164673]},"metrics/accuracy":0.7376623376623377,"_runtime":29,"_wandb":{"runtime":29}}