{
  "accuracy": 0.5427083333333333,
  "intra_plausibility": 0.2583567854909318,
  "cross_plausibility": 0.2583567854909318,
  "total_content_effect": 0.2583567854909318
}