{
  "accuracy": 0.5302083333333333,
  "intra_plausibility": 0.3536702626641651,
  "cross_plausibility": 0.2094394934333959,
  "total_content_effect": 0.28155487804878054
}