{"search/alpha":-0.6,"best_alpha":-1.8,"best/total_content_effect":0.24094202898550726,"search/alpha_sweep":{"_latest_artifact_path":"wandb-client-artifact://drs8gkm2c2cywrw3ypy8dmkd2jta2lve32lchnpc1krwwo5lkffpupj2llqhkxtdnjjwt0acue7tenq7b381fkezjpu11utmi8ybkxb3wqtvwimxao28ukb4o245znjy:latest/search/alpha_sweep.table.json","log_mode":"IMMUTABLE","_type":"table-file","nrows":7,"artifact_path":"wandb-client-artifact://me79kb9h5kvq29ucw5aaqd8eazb3huk68d3ltis1350xogivh7o1x79yaj5vh7kug6dce7rpxvz2pwqtbp2atqmmbknpzv2j9qewmdmlx6v6walu0bq75r1ghj8dyv8p/search/alpha_sweep.table.json","size":590,"path":"media/table/search/alpha_sweep_6_cc71a734d0f7f34e7609.table.json","ncols":4,"sha256":"cc71a734d0f7f34e76093b7bc942ac69732af613698ff51d90c31a9972f72fe8"},"_wandb":{"runtime":49},"metrics/accuracy":0.7578947368421053,"best/intra_plausibility":0.2617753623188406,"_runtime":49,"metrics/total_content_effect":0.24094202898550726,"best/accuracy":0.7684210526315789,"search/score":0.7578947368421053,"_step":6,"best/cross_plausibility":0.22010869565217392,"_timestamp":1.7639085582810729e+09}