{"best/intra_plausibility":0.28260869565217395,"metrics/total_content_effect":0.24094202898550726,"best/cross_plausibility":0.19927536231884055,"_runtime":49,"search/alpha":-0.6,"metrics/accuracy":0.7578947368421053,"best_alpha":-1.2,"best/accuracy":0.7578947368421053,"best/total_content_effect":0.24094202898550726,"_wandb":{"runtime":49},"search/score":0.7578947368421053,"_timestamp":1.763908369278911e+09,"_step":6,"search/alpha_sweep":{"_type":"table-file","ncols":4,"artifact_path":"wandb-client-artifact://k2z6xstw6zq7x1nou9timqzjkw2xlvxj8qlxgf0douy57yq1lybqzyi59mbbtygnqisnj3qd85et8n8ib5svlbjj3l2ueblheqnb334xgnnhdcp6sf7h3runcepjfxju/search/alpha_sweep.table.json","size":587,"_latest_artifact_path":"wandb-client-artifact://9hnbshfhmrqymsequ96o5hc3dn3sb96e2twsr9p2s0fbv8ami2mei70vbe5rf3brziv0s7iqkspqi280exbqblzd5xb255pmtjr1b6jo05nppm65nuwynf9d3gehk0rb:latest/search/alpha_sweep.table.json","sha256":"b52ccf5c74c4f1084d126a0a89dd58136bb878f42dd00bb0fd5f035d83cae04e","path":"media/table/search/alpha_sweep_6_b52ccf5c74c4f1084d12.table.json","nrows":7,"log_mode":"IMMUTABLE"}}