{"best/cross_plausibility":0.19927536231884055,"_step":6,"_runtime":49,"metrics/accuracy":0.7578947368421053,"search/alpha_sweep":{"size":585,"ncols":4,"nrows":7,"path":"media/table/search/alpha_sweep_6_bb60c7f864f2975b98f9.table.json","sha256":"bb60c7f864f2975b98f9dc4242ca2ec399170fc73beb825ef9693e81ae702ea9","_latest_artifact_path":"wandb-client-artifact://1psy9hkrr4ubch531ayeu2uzjq5dcgqrtlp3dufs8pmu588munr2ls9ojx6yprj52nlgg3u1rxl00gl3w7pehzp8fqcjru28zbh442tj7zud0wqlrasi476rltvnuycn:latest/search/alpha_sweep.table.json","artifact_path":"wandb-client-artifact://7mo62qfvyssiz1uuuie01cfl2ujas6bak1fzg512ksu97bt8edkwez2nkk60epu7ytugcjigyvd6rk0hbinris6w79s6iv9dhg12cw8ik5nctjbma85rbsw3gjxfikuh/search/alpha_sweep.table.json","log_mode":"IMMUTABLE","_type":"table-file"},"_timestamp":1.7639065140670643e+09,"metrics/total_content_effect":0.24094202898550726,"best/total_content_effect":0.24094202898550726,"best_alpha":-0.7999999999999998,"_wandb":{"runtime":49},"search/alpha":-0.6,"search/score":0.7578947368421053,"best/accuracy":0.7578947368421053,"best/intra_plausibility":0.28260869565217395}