{"_wandb":{"runtime":49},"best/accuracy":0.7578947368421053,"best/intra_plausibility":0.24003623188405798,"metrics/accuracy":0.7578947368421053,"best/total_content_effect":0.24003623188405798,"_timestamp":1.7639087502873666e+09,"_runtime":49,"search/alpha":-0.6,"metrics/total_content_effect":0.24094202898550723,"best/cross_plausibility":0.24003623188405798,"_step":6,"search/score":0.7578947368421053,"best_alpha":-1.8,"search/alpha_sweep":{"_latest_artifact_path":"wandb-client-artifact://6bn44v8fqiq7kk16fti3klbxsqsals1c56xc9dmpuhlz34ycd23ri01kyufr2zuxvkzcqjx8k8v4w5qnjayrhjp6aegb3cz4x7z3eyxm03sqpe257i4kx72zqxj4gvey:latest/search/alpha_sweep.table.json","path":"media/table/search/alpha_sweep_6_84370822fdc23f15200f.table.json","nrows":7,"artifact_path":"wandb-client-artifact://6kidrt5tfxt9c639mpz5jz7yzn0l1azk78ae34gvbqfceor3xp3rcm8zrk213pxx2rwayq6d5bzxh6vgmmu5fzmg3k5w2g7kwvronhw9m7p38j535w0ksqqpaj21k1yd/search/alpha_sweep.table.json","_type":"table-file","log_mode":"IMMUTABLE","size":588,"ncols":4,"sha256":"84370822fdc23f15200f44595d9becf352d04ed7725300d1b142b6ef15ba4740"}}