{"baseline/accuracy":0.7350649350649351,"dynamic/alpha_min":0.1,"dynamic/alpha_max":0.1,"_wandb":{"runtime":40},"baseline/intra_plausibility":0.28011497958306464,"metrics/intra_plausibility":0.28011497958306464,"eval/confusion_matrix_table":{"path":"media/table/eval/confusion_matrix_table_1_0e10c510ec30568d3110.table.json","nrows":4,"size":176,"ncols":3,"artifact_path":"wandb-client-artifact://5b3eguz3keygmwaly5shng69jfemh1tzw6gz0ejgmhkruqyyf3s44rpjkdr9s5y2673gc1q920kzk26ij5k9xv8btksmvsg4a6m2tw26simqux0febti9yv5ymv27qfu/eval/confusion_matrix_table.table.json","_latest_artifact_path":"wandb-client-artifact://dizj53hd55wl0oqvdykptrhmo6ovjyobizpmbllvuzr5jxjb4zek8iquza2ggi2s9wvws1u7krgef5trsmb14t2tdwxc7ui107anmd0g16j815i156n07zr987yr48nh:latest/eval/confusion_matrix_table.table.json","log_mode":"IMMUTABLE","_type":"table-file","sha256":"0e10c510ec30568d3110949a937736821e7b31afb5cfe9549acbdcdb59f7c3f4"},"baseline/total_content_effect":0.28011497958306464,"metrics/accuracy":0.7350649350649351,"dynamic/alpha_mean":0.1,"dynamic/alpha_hist":{"_type":"histogram","values":[0,0,0,0,0,0,0,0,0,0,0,0,0,0,0,0,0,0,0,0,0,0,0,0,0,0,0,0,0,0,0,0,385,0,0,0,0,0,0,0,0,0,0,0,0,0,0,0,0,0,0,0,0,0,0,0,0,0,0,0,0,0,0,0],"bins":[-0.4,-0.384375,-0.36875,-0.353125,-0.3375,-0.321875,-0.30625,-0.290625,-0.275,-0.259375,-0.24375000000000002,-0.22812500000000002,-0.21250000000000002,-0.19687500000000002,-0.18125000000000002,-0.16562500000000002,-0.15000000000000002,-0.13437500000000002,-0.11875000000000002,-0.10312500000000002,-0.08750000000000002,-0.07187500000000002,-0.05625000000000002,-0.04062500000000002,-0.025000000000000022,-0.009375000000000022,0.006249999999999978,0.021874999999999978,0.03749999999999998,0.05312499999999998,0.06874999999999998,0.08437499999999998,0.09999999999999998,0.11562499999999998,0.13124999999999998,0.14687499999999998,0.16249999999999998,0.17812499999999998,0.19374999999999998,0.20937499999999998,0.22499999999999998,0.24062499999999998,0.25625,0.271875,0.2875,0.303125,0.31875,0.334375,0.35,0.365625,0.38125,0.396875,0.4125,0.428125,0.44375,0.459375,0.475,0.490625,0.50625,0.521875,0.5375,0.553125,0.56875,0.584375,0.6]},"_runtime":40,"_step":3,"metrics/total_content_effect":0.28011497958306464,"_timestamp":1.7636654120625205e+09,"baseline/cross_plausibility":0.28011497958306464,"metrics/cross_plausibility":0.28011497958306464}