{"best/cross_plausibility":0.19927536231884055,"_runtime":49,"metrics/accuracy":0.7578947368421053,"metrics/total_content_effect":0.24094202898550726,"_timestamp":1.7639086538399243e+09,"_step":6,"_wandb":{"runtime":49},"search/alpha":-0.6,"best/total_content_effect":0.24094202898550726,"search/alpha_sweep":{"path":"media/table/search/alpha_sweep_6_bb60c7f864f2975b98f9.table.json","log_mode":"IMMUTABLE","size":585,"sha256":"bb60c7f864f2975b98f9dc4242ca2ec399170fc73beb825ef9693e81ae702ea9","_type":"table-file","ncols":4,"nrows":7,"artifact_path":"wandb-client-artifact://rxwsgf15i3axlgkldxvvb9ebpfjw0ndmo977qhjsljyvn57cjva1mdz8a2hq02r9khzzfphmaqf7ck44lytoavt3ko4vm3s08a9ik9ntqoamfx3egnkb7nrk5hr2jwp2/search/alpha_sweep.table.json","_latest_artifact_path":"wandb-client-artifact://yy660sjei110xtbo6e8urn9z4k5y8ccuvumqv49fyx7pr02aok70nxrmcwpethe5agozgulqmglhq3rqyl3578e8vpp9o2gl2cjbty2qcotidfmdv9watbaikgj3kecq:latest/search/alpha_sweep.table.json"},"best/intra_plausibility":0.28260869565217395,"best_alpha":-0.7999999999999998,"best/accuracy":0.7578947368421053,"search/score":0.7578947368421053}