{"dynamic/alpha_mean":0.3269263549619225,"_runtime":51,"dynamic/alpha_hist":{"_type":"histogram","values":[416,23,22,22,12,5,17,7,9,13,5,9,18,6,5,8,2,5,7,3,7,4,1,4,2,6,1,4,2,5,2,4,0,1,5,4,3,1,1,1,4,2,3,1,4,2,0,1,1,2,1,0,1,1,0,1,0,1,1,1,3,0,0,66],"bins":[0.2,0.2109375,0.22187500000000002,0.2328125,0.24375000000000002,0.2546875,0.265625,0.2765625,0.2875,0.2984375,0.309375,0.3203125,0.33125,0.3421875,0.353125,0.3640625,0.375,0.3859375,0.396875,0.4078125,0.41875,0.4296875,0.440625,0.4515625,0.46249999999999997,0.4734375,0.484375,0.4953125,0.50625,0.5171874999999999,0.528125,0.5390625,0.55,0.5609375,0.5718749999999999,0.5828125,0.59375,0.6046875,0.615625,0.6265624999999999,0.6375,0.6484375,0.659375,0.6703125,0.6812499999999999,0.6921875,0.703125,0.7140625,0.7249999999999999,0.7359374999999999,0.746875,0.7578125,0.76875,0.7796874999999999,0.7906249999999999,0.8015625,0.8125,0.8234375,0.8343749999999999,0.8453124999999999,0.85625,0.8671875,0.878125,0.8890624999999999,0.9]},"dynamic/alpha_max":0.9,"eval/confusion_matrix_table":{"_type":"table-file","artifact_path":"wandb-client-artifact://qil13kz52c3qolo7hv8wuq3yg8p0xlymly1pj7snaw59k8tf86ot6upyb2b4vo267yk9tggbz6sorsicquzf8j7uzayal8n9n29fd2mar5bkg15ci1uuaorj9pd7tix5/eval/confusion_matrix_table.table.json","size":177,"log_mode":"IMMUTABLE","_latest_artifact_path":"wandb-client-artifact://uezunw7m5oqad0p520ce9dfie59sl3r6et0c3eq6ose6km5zj1bavacoq9qeliagklr5sbdq0xst9utg6mix4qt6vamps08o36ldlztr241mqcmmayf2nvn212xa9jah:latest/eval/confusion_matrix_table.table.json","path":"media/table/eval/confusion_matrix_table_1_8ee5ef0ad7c6a967eb14.table.json","nrows":4,"sha256":"8ee5ef0ad7c6a967eb14f1f27ba7b1312a8728991139e1a414a25ff79a1bc127","ncols":3},"_timestamp":1.763636107818591e+09,"metrics/cross_plausibility":0.3106166067416507,"_step":3,"metrics/accuracy":0.72265625,"baseline/cross_plausibility":0.302888333914368,"metrics/intra_plausibility":0.31061660674165076,"baseline/total_content_effect":0.302888333914368,"metrics/total_content_effect":0.3106166067416507,"baseline/accuracy":0.7213541666666666,"baseline/intra_plausibility":0.30288833391436804,"dynamic/alpha_min":0.2,"_wandb":{"runtime":51}}